Squirrel,Pickle,Bacon
8,10,6
3.5,5.5,7.5
12.49,8.79,11.29
15,10,7
5.5,4,6
12,7,10
10,15,20
9,11,6
20,15,20
7,8,7
9.99,5.49,14.99
6.99,8.99,14.99
6,12,9
8,13,15
5,15,12
10,7,11
5,3,7
7,6,10
10,30,20
10,15,10
9,6,4
5,8,13
7,10,15
8.5,12,11.5
8,10,4
12,5,1.8
8,12,6
5,10,13
6,10,7
7,6,3
11,5,10
12.99,8.99,7.99
40,17,15
12.99,5.99,7.99
7,7,6
,,
,,
,,
,,
,,
,,
,,
,,
,,
,,
,,
,,
,,
,,
,,
,,
,,
,,
,,
,,
,,
,,
,,
,,
,,
,,
,,
,,
,,
,,
,,
,,
,,
,,
,,
,,
,,
,,
,,
,,
,,
,,
,,
,,
,,
,,
,,
,,
,,
,,
,,
,,
,,
,,
,,
,,
,,
,,
,,
,,
,,
,,
,,
,,
,,
,,
,,
,,
,,
,,
,,
,,
,,
,,
,,
,,
,,
,,
,,
,,
,,
,,
,,
,,
,,
,,
,,
,,
,,
,,
,,
,,
,,
,,
,,
,,
,,
,,
,,
,,
,,
